{
  "seeds": [
    0,
    1,
    2,
    3,
    4,
    5,
    6,
    7,
    8,
    9
  ],
  "models": {
    "lstm": {
      "MAE": {
        "mean": 0.040855477750301364,
        "std": 0.0004552048887939974,
        "min": 0.04031360521912575,
        "max": 0.04178889840841293,
        "values": [
          0.04131922870874405,
          0.04119165986776352,
          0.04042162746191025,
          0.04111451655626297,
          0.04178889840841293,
          0.04061838239431381,
          0.04031360521912575,
          0.04072515293955803,
          0.040389709174633026,
          0.040671996772289276
        ]
      },
      "MSE": {
        "mean": 0.0029719545040279628,
        "std": 4.9821463483532596e-05,
        "min": 0.0028981626965105534,
        "max": 0.0030886882450431585,
        "values": [
          0.0030886882450431585,
          0.0029907976277172565,
          0.0028981626965105534,
          0.002962897066026926,
          0.0029927410650998354,
          0.002953367307782173,
          0.002906669396907091,
          0.0029815752059221268,
          0.002962832571938634,
          0.002981813857331872
        ]
      },
      "RMSE": {
        "mean": 0.054513731971383095,
        "std": 0.0004555897996062188,
        "min": 0.05383458733558655,
        "max": 0.05557596683502197,
        "values": [
          0.05557596683502197,
          0.05468818545341492,
          0.05383458733558655,
          0.054432500153779984,
          0.05470595136284828,
          0.054344892501831055,
          0.05391353741288185,
          0.054603803902864456,
          0.05443190783262253,
          0.054605986922979355
        ]
      },
      "MAPE": {
        "mean": 26.521824836730957,
        "std": 1.4095107154646564,
        "min": 24.631919860839844,
        "max": 29.13873863220215,
        "values": [
          25.40740394592285,
          28.00970458984375,
          26.56932830810547,
          27.357324600219727,
          29.13873863220215,
          25.551668167114258,
          26.18791389465332,
          27.59769630432129,
          24.631919860839844,
          24.766550064086914
        ]
      }
    },
    "gru": {
      "MAE": {
        "mean": 0.04080399237573147,
        "std": 0.000842191694553955,
        "min": 0.039894942194223404,
        "max": 0.04290416091680527,
        "values": [
          0.04067075252532959,
          0.04290416091680527,
          0.04109633341431618,
          0.04151255637407303,
          0.040266212075948715,
          0.039894942194223404,
          0.040534161031246185,
          0.0402824841439724,
          0.04085768014192581,
          0.040020640939474106
        ]
      },
      "MSE": {
        "mean": 0.0029626863542944193,
        "std": 8.82552211055394e-05,
        "min": 0.0028664437122642994,
        "max": 0.0031830579973757267,
        "values": [
          0.002951620612293482,
          0.0031830579973757267,
          0.0029651790391653776,
          0.0029857277404516935,
          0.00293806754052639,
          0.0028896250296384096,
          0.002936204196885228,
          0.0028664437122642994,
          0.0030350126326084137,
          0.0028759250417351723
        ]
      },
      "RMSE": {
        "mean": 0.0544246394187212,
        "std": 0.000803097046223032,
        "min": 0.053539179265499115,
        "max": 0.05641859769821167,
        "values": [
          0.05432881787419319,
          0.05641859769821167,
          0.05445345863699913,
          0.05464181303977966,
          0.05420394241809845,
          0.05375523120164871,
          0.054186753928661346,
          0.053539179265499115,
          0.055090948939323425,
          0.05362765118479729
        ]
      },
      "MAPE": {
        "mean": 26.04360122680664,
        "std": 1.8375497270324885,
        "min": 24.054466247558594,
        "max": 30.42753028869629,
        "values": [
          26.64775276184082,
          30.42753028869629,
          26.82659912109375,
          27.398439407348633,
          24.448408126831055,
          24.054466247558594,
          25.63127899169922,
          25.95463752746582,
          24.058454513549805,
          24.988445281982422
        ]
      }
    },
    "tcn": {
      "MAE": {
        "mean": 0.04474737755954265,
        "std": 0.0022061663938095573,
        "min": 0.04123363643884659,
        "max": 0.047664325684309006,
        "values": [
          0.04617800936102867,
          0.04431663826107979,
          0.047664325684309006,
          0.04123363643884659,
          0.04525317624211311,
          0.04752274602651596,
          0.04252994433045387,
          0.045551858842372894,
          0.04143429547548294,
          0.045789144933223724
        ]
      },
      "MSE": {
        "mean": 0.0034376382362097503,
        "std": 0.00023592361357288727,
        "min": 0.0030450362246483564,
        "max": 0.0037767814937978983,
        "values": [
          0.0035102195106446743,
          0.003328005550429225,
          0.0036943734157830477,
          0.0030450362246483564,
          0.0036122999154031277,
          0.0037767814937978983,
          0.003217132994905114,
          0.0035831104032695293,
          0.0031194896437227726,
          0.0034899332094937563
        ]
      },
      "RMSE": {
        "mean": 0.05859640277922153,
        "std": 0.0020248032862811276,
        "min": 0.055181846022605896,
        "max": 0.06145552545785904,
        "values": [
          0.059247106313705444,
          0.057688869535923004,
          0.06078135594725609,
          0.055181846022605896,
          0.06010241061449051,
          0.06145552545785904,
          0.05671977624297142,
          0.05985908955335617,
          0.055852390825748444,
          0.05907565727829933
        ]
      },
      "MAPE": {
        "mean": 30.95462532043457,
        "std": 3.4300101361316377,
        "min": 25.989458084106445,
        "max": 35.94048309326172,
        "values": [
          34.33102798461914,
          31.801668167114258,
          35.38563537597656,
          25.989458084106445,
          29.877206802368164,
          35.94048309326172,
          26.614410400390625,
          29.407001495361328,
          27.5965518951416,
          32.60280990600586
        ]
      }
    },
    "transformer": {
      "MAE": {
        "mean": 0.043335554748773576,
        "std": 0.002367369097596953,
        "min": 0.040224384516477585,
        "max": 0.04890013858675957,
        "values": [
          0.04347740113735199,
          0.04090658947825432,
          0.04890013858675957,
          0.044341884553432465,
          0.04329974204301834,
          0.04456344246864319,
          0.04074221849441528,
          0.04312802106142044,
          0.040224384516477585,
          0.04377172514796257
        ]
      },
      "MSE": {
        "mean": 0.003319926792755723,
        "std": 0.0003852498648702315,
        "min": 0.002956620417535305,
        "max": 0.004376237280666828,
        "values": [
          0.0032565491273999214,
          0.0030354997143149376,
          0.004376237280666828,
          0.0034849338699132204,
          0.0032172526698559523,
          0.003363431431353092,
          0.0029987075831741095,
          0.0032448775600641966,
          0.002956620417535305,
          0.003265158273279667
        ]
      },
      "RMSE": {
        "mean": 0.05753046050667763,
        "std": 0.0031894985160333027,
        "min": 0.0543748140335083,
        "max": 0.0661531314253807,
        "values": [
          0.0570661835372448,
          0.0550953708589077,
          0.0661531314253807,
          0.05903332680463791,
          0.056720830500125885,
          0.05799509957432747,
          0.05476045608520508,
          0.05696382746100426,
          0.0543748140335083,
          0.057141564786434174
        ]
      },
      "MAPE": {
        "mean": 28.20188808441162,
        "std": 1.916593795071017,
        "min": 24.792890548706055,